data_id,data_name,do_abc,do_allocation,do_message_passing,do_cw,allocation_time,allocation_bytes,route_time,route_bytes,cw_time,cw_bytes,distance,sum_pickers
1,SLAPRP_Guo_small_O100_alpha0.2_v1.txt,true,true,false,false,12.3269975,1591767746,0.5166552,39026159,0,0,1794.0,104
1,SLAPRP_Guo_small_O100_alpha0.2_v1.txt,true,true,false,true,12.3269975,1591767746,0.5166552,39026159,1.8655692,3512544148,242.0,8
1,SLAPRP_Guo_small_O100_alpha0.2_v1.txt,false,true,true,false,6.0889236,147485499,0.0013749,731383,0,0,1844.0,104
1,SLAPRP_Guo_small_O100_alpha0.2_v1.txt,false,true,true,true,6.0889236,147485499,0.0013749,731383,1.4212957,3317402023,270.0,6
1,SLAPRP_Guo_small_O100_alpha0.2_v1.txt,false,true,false,false,5.0268747,75886902,0.0014033,771671,0,0,1876.0,104
1,SLAPRP_Guo_small_O100_alpha0.2_v1.txt,false,true,false,true,5.0268747,75886902,0.0014033,771671,1.5468069,3561307029,338.0,7
2,SLAPRP_Guo_small_O100_alpha0.2_v10.txt,true,true,false,false,0.2092064,24365295,0.0015626,748695,0,0,1780.0,102
2,SLAPRP_Guo_small_O100_alpha0.2_v10.txt,true,true,false,true,0.2092064,24365295,0.0015626,748695,1.3210574,3285624805,266.0,9
2,SLAPRP_Guo_small_O100_alpha0.2_v10.txt,false,true,true,false,301.3702122,580227474,0.0014932,729847,0,0,1886.0,102
2,SLAPRP_Guo_small_O100_alpha0.2_v10.txt,false,true,true,true,301.3702122,580227474,0.0014932,729847,1.435272,3306239301,312.0,7
2,SLAPRP_Guo_small_O100_alpha0.2_v10.txt,false,true,false,false,8.9047908,569364672,0.0014806,687783,0,0,2974.0,102
2,SLAPRP_Guo_small_O100_alpha0.2_v10.txt,false,true,false,true,8.9047908,569364672,0.0014806,687783,1.4389365,3219220455,426.0,7
3,SLAPRP_Guo_small_O100_alpha0.2_v2.txt,true,true,false,false,0.2103925,24343919,0.0015891,779319,0,0,1888.0,101
3,SLAPRP_Guo_small_O100_alpha0.2_v2.txt,true,true,false,true,0.2103925,24343919,0.0015891,779319,1.3833398,3214637141,258.0,6
3,SLAPRP_Guo_small_O100_alpha0.2_v2.txt,false,true,true,false,8.0388759,94362137,0.0013812,730279,0,0,1906.0,101
3,SLAPRP_Guo_small_O100_alpha0.2_v2.txt,false,true,true,true,8.0388759,94362137,0.0013812,730279,1.3623822,3124122119,310.0,6
3,SLAPRP_Guo_small_O100_alpha0.2_v2.txt,false,true,false,false,6.7348668,87971200,0.0014355,735719,0,0,2454.0,101
3,SLAPRP_Guo_small_O100_alpha0.2_v2.txt,false,true,false,true,6.7348668,87971200,0.0014355,735719,1.4125982,3227111239,368.0,6
4,SLAPRP_Guo_small_O100_alpha0.2_v3.txt,true,true,false,false,0.2036073,24202975,0.0015877,818903,0,0,1956.0,104
4,SLAPRP_Guo_small_O100_alpha0.2_v3.txt,true,true,false,true,0.2036073,24202975,0.0015877,818903,1.3504788,3308505415,280.0,10
4,SLAPRP_Guo_small_O100_alpha0.2_v3.txt,false,true,true,false,9.0927282,543925074,0.0014797,782471,0,0,1960.0,104
4,SLAPRP_Guo_small_O100_alpha0.2_v3.txt,false,true,true,true,9.0927282,543925074,0.0014797,782471,1.8574619,3570340951,316.0,7
4,SLAPRP_Guo_small_O100_alpha0.2_v3.txt,false,true,false,false,22.2053104,537224400,0.0015798,712375,0,0,3402.0,104
4,SLAPRP_Guo_small_O100_alpha0.2_v3.txt,false,true,false,true,22.2053104,537224400,0.0015798,712375,1.474773,3469497253,450.0,7
5,SLAPRP_Guo_small_O100_alpha0.2_v4.txt,true,true,false,false,0.1986337,24354799,0.0015612,719079,0,0,1612.0,104
5,SLAPRP_Guo_small_O100_alpha0.2_v4.txt,true,true,false,true,0.1986337,24354799,0.0015612,719079,1.311801,3266296773,268.0,9
5,SLAPRP_Guo_small_O100_alpha0.2_v4.txt,false,true,true,false,39.8301192,83794296,0.0014491,720631,0,0,1878.0,104
5,SLAPRP_Guo_small_O100_alpha0.2_v4.txt,false,true,true,true,39.8301192,83794296,0.0014491,720631,1.3371932,3335773015,270.0,8
5,SLAPRP_Guo_small_O100_alpha0.2_v4.txt,false,true,false,false,6.4850458,76003286,0.0014488,711847,0,0,1880.0,104
5,SLAPRP_Guo_small_O100_alpha0.2_v4.txt,false,true,false,true,6.4850458,76003286,0.0014488,711847,1.4828618,3402145303,274.0,6
6,SLAPRP_Guo_small_O100_alpha0.2_v5.txt,true,true,false,false,0.2124715,24397535,0.0016248,781175,0,0,1696.0,100
6,SLAPRP_Guo_small_O100_alpha0.2_v5.txt,true,true,false,true,0.2124715,24397535,0.0016248,781175,1.38863,3208678647,250.0,7
6,SLAPRP_Guo_small_O100_alpha0.2_v5.txt,false,true,true,false,20.6734337,94750994,0.0015814,765751,0,0,1794.0,100
6,SLAPRP_Guo_small_O100_alpha0.2_v5.txt,false,true,true,true,20.6734337,94750994,0.0015814,765751,1.3899868,3160236677,310.0,7
6,SLAPRP_Guo_small_O100_alpha0.2_v5.txt,false,true,false,false,1.9320677,87414928,0.0015321,743111,0,0,2734.0,100
6,SLAPRP_Guo_small_O100_alpha0.2_v5.txt,false,true,false,true,1.9320677,87414928,0.0015321,743111,1.4098032,3316375013,430.0,7
7,SLAPRP_Guo_small_O100_alpha0.2_v6.txt,true,true,false,false,0.2034643,24380095,0.0023693,752359,0,0,1582.0,100
7,SLAPRP_Guo_small_O100_alpha0.2_v6.txt,true,true,false,true,0.2034643,24380095,0.0023693,752359,1.2775035,2984409957,206.0,7
7,SLAPRP_Guo_small_O100_alpha0.2_v6.txt,false,true,true,false,3.0857063,94458386,0.0014294,762071,0,0,1852.0,100
7,SLAPRP_Guo_small_O100_alpha0.2_v6.txt,false,true,true,true,3.0857063,94458386,0.0014294,762071,1.2325958,2887789685,334.0,9
7,SLAPRP_Guo_small_O100_alpha0.2_v6.txt,false,true,false,false,1.7162744,87811760,0.0015456,721671,0,0,2704.0,100
7,SLAPRP_Guo_small_O100_alpha0.2_v6.txt,false,true,false,true,1.7162744,87811760,0.0015456,721671,1.631729,3132916823,362.0,7
8,SLAPRP_Guo_small_O100_alpha0.2_v7.txt,true,true,false,false,0.2024533,24336511,0.0024508,765895,0,0,1882.0,104
8,SLAPRP_Guo_small_O100_alpha0.2_v7.txt,true,true,false,true,0.2024533,24336511,0.0024508,765895,1.3797561,3244699189,232.0,6
8,SLAPRP_Guo_small_O100_alpha0.2_v7.txt,false,true,true,false,41.779487,95079618,0.0026995,752471,0,0,1838.0,104
8,SLAPRP_Guo_small_O100_alpha0.2_v7.txt,false,true,true,true,41.779487,95079618,0.0026995,752471,1.5084404,3074506869,266.0,6
8,SLAPRP_Guo_small_O100_alpha0.2_v7.txt,false,true,false,false,14.1931141,87919408,0.003002,721815,0,0,2690.0,104
8,SLAPRP_Guo_small_O100_alpha0.2_v7.txt,false,true,false,true,14.1931141,87919408,0.003002,721815,1.5954423,3335697413,404.0,6
9,SLAPRP_Guo_small_O100_alpha0.2_v8.txt,true,true,false,false,0.2320209,24440271,0.0020738,711367,0,0,1658.0,101
9,SLAPRP_Guo_small_O100_alpha0.2_v8.txt,true,true,false,true,0.2320209,24440271,0.0020738,711367,1.5042633,3132134951,248.0,6
9,SLAPRP_Guo_small_O100_alpha0.2_v8.txt,false,true,true,false,11.1591347,82585663,0.0016915,665655,0,0,1628.0,101
9,SLAPRP_Guo_small_O100_alpha0.2_v8.txt,false,true,true,true,11.1591347,82585663,0.0016915,665655,1.4950524,2902542725,262.0,8
9,SLAPRP_Guo_small_O100_alpha0.2_v8.txt,false,true,false,false,10.8889921,75942582,0.0015925,703431,0,0,1822.0,101
9,SLAPRP_Guo_small_O100_alpha0.2_v8.txt,false,true,false,true,10.8889921,75942582,0.0015925,703431,1.6170837,3221040789,314.0,6
10,SLAPRP_Guo_small_O100_alpha0.2_v9.txt,true,true,false,false,0.2439992,24378607,0.0031518,794359,0,0,1768.0,101
10,SLAPRP_Guo_small_O100_alpha0.2_v9.txt,true,true,false,true,0.2439992,24378607,0.0031518,794359,1.5419975,3047517351,260.0,9
10,SLAPRP_Guo_small_O100_alpha0.2_v9.txt,false,true,true,false,34.9585154,520882238,0.0015252,759879,0,0,1870.0,101
10,SLAPRP_Guo_small_O100_alpha0.2_v9.txt,false,true,true,true,34.9585154,520882238,0.0015252,759879,1.3964885,3211589591,334.0,7
10,SLAPRP_Guo_small_O100_alpha0.2_v9.txt,false,true,false,false,240.0618617,516522204,0.0014692,702727,0,0,3850.0,101
10,SLAPRP_Guo_small_O100_alpha0.2_v9.txt,false,true,false,true,240.0618617,516522204,0.0014692,702727,1.3844065,3143059927,526.0,6
11,SLAPRP_Guo_small_O100_alpha0.3_v1.txt,true,true,false,false,0.2070172,24397631,0.0013465,735655,0,0,1614.0,105
11,SLAPRP_Guo_small_O100_alpha0.3_v1.txt,true,true,false,true,0.2070172,24397631,0.0013465,735655,1.4818516,3498547271,226.0,6
11,SLAPRP_Guo_small_O100_alpha0.3_v1.txt,false,true,true,false,6.7883167,82528632,0.0013872,690295,0,0,1880.0,105
11,SLAPRP_Guo_small_O100_alpha0.3_v1.txt,false,true,true,true,6.7883167,82528632,0.0013872,690295,1.8117804,3536228599,280.0,6
11,SLAPRP_Guo_small_O100_alpha0.3_v1.txt,false,true,false,false,2.4853588,75976806,0.001474,673687,0,0,1738.0,105
11,SLAPRP_Guo_small_O100_alpha0.3_v1.txt,false,true,false,true,2.4853588,75976806,0.001474,673687,1.4533436,3459784055,294.0,6
12,SLAPRP_Guo_small_O100_alpha0.3_v10.txt,true,true,false,false,0.2096711,24448111,0.0014653,757959,0,0,1798.0,106
12,SLAPRP_Guo_small_O100_alpha0.3_v10.txt,true,true,false,true,0.2096711,24448111,0.0014653,757959,1.52798,3551830133,242.0,9
12,SLAPRP_Guo_small_O100_alpha0.3_v10.txt,false,true,true,false,7.3836721,118669966,0.0021188,738359,0,0,1796.0,106
12,SLAPRP_Guo_small_O100_alpha0.3_v10.txt,false,true,true,true,7.3836721,118669966,0.0021188,738359,1.3763214,3471203287,292.0,8
12,SLAPRP_Guo_small_O100_alpha0.3_v10.txt,false,true,false,false,38.2247832,113197372,0.0013319,687543,0,0,2480.0,106
12,SLAPRP_Guo_small_O100_alpha0.3_v10.txt,false,true,false,true,38.2247832,113197372,0.0013319,687543,1.4944682,3505198629,414.0,9
13,SLAPRP_Guo_small_O100_alpha0.3_v2.txt,true,true,false,false,0.2018005,24534303,0.0022381,717527,0,0,1746.0,106
13,SLAPRP_Guo_small_O100_alpha0.3_v2.txt,true,true,false,true,0.2018005,24534303,0.0022381,717527,1.4855275,3535705863,216.0,7
13,SLAPRP_Guo_small_O100_alpha0.3_v2.txt,false,true,true,false,16.9330795,95109074,0.0013526,731463,0,0,1836.0,106
13,SLAPRP_Guo_small_O100_alpha0.3_v2.txt,false,true,true,true,16.9330795,95109074,0.0013526,731463,1.4168218,3453571239,280.0,6
13,SLAPRP_Guo_small_O100_alpha0.3_v2.txt,false,true,false,false,4.7671675,88202160,0.0022325,705879,0,0,2602.0,106
13,SLAPRP_Guo_small_O100_alpha0.3_v2.txt,false,true,false,true,4.7671675,88202160,0.0022325,705879,1.505339,3640083621,416.0,6
14,SLAPRP_Guo_small_O100_alpha0.3_v3.txt,true,true,false,false,0.2061611,24373048,0.0018087,675911,0,0,1608.0,101
14,SLAPRP_Guo_small_O100_alpha0.3_v3.txt,true,true,false,true,0.2061611,24373048,0.0018087,675911,1.2948883,3161585543,228.0,7
14,SLAPRP_Guo_small_O100_alpha0.3_v3.txt,false,true,true,false,10.7232528,106494809,0.0012669,665687,0,0,1788.0,101
14,SLAPRP_Guo_small_O100_alpha0.3_v3.txt,false,true,true,true,10.7232528,106494809,0.0012669,665687,1.211885,3033784391,278.0,6
14,SLAPRP_Guo_small_O100_alpha0.3_v3.txt,false,true,false,false,3.233938,99845511,0.0020243,630167,0,0,2406.0,101
14,SLAPRP_Guo_small_O100_alpha0.3_v3.txt,false,true,false,true,3.233938,99845511,0.0020243,630167,1.6909253,3144057639,350.0,6
15,SLAPRP_Guo_small_O100_alpha0.3_v4.txt,true,true,false,false,0.2141334,24472728,0.001432,733079,0,0,1576.0,100
15,SLAPRP_Guo_small_O100_alpha0.3_v4.txt,true,true,false,true,0.2141334,24472728,0.001432,733079,1.1631655,2790729671,264.0,10
15,SLAPRP_Guo_small_O100_alpha0.3_v4.txt,false,true,true,false,197.2797948,635425649,0.0013097,668903,0,0,1700.0,100
15,SLAPRP_Guo_small_O100_alpha0.3_v4.txt,false,true,true,true,197.2797948,635425649,0.0013097,668903,1.1111801,2759480277,284.0,9
15,SLAPRP_Guo_small_O100_alpha0.3_v4.txt,false,true,false,false,301.3388242,629952351,0.0014362,732583,0,0,1978.0,100
15,SLAPRP_Guo_small_O100_alpha0.3_v4.txt,false,true,false,true,301.3388242,629952351,0.0014362,732583,1.2886793,3223031463,376.0,6
16,SLAPRP_Guo_small_O100_alpha0.3_v5.txt,true,true,false,false,0.2037567,24198751,0.0014411,746839,0,0,1832.0,105
16,SLAPRP_Guo_small_O100_alpha0.3_v5.txt,true,true,false,true,0.2037567,24198751,0.0014411,746839,1.5494478,3611844853,244.0,6
16,SLAPRP_Guo_small_O100_alpha0.3_v5.txt,false,true,true,false,7.3927732,94170962,0.0013935,746215,0,0,1864.0,105
16,SLAPRP_Guo_small_O100_alpha0.3_v5.txt,false,true,true,true,7.3927732,94170962,0.0013935,746215,1.4818309,3497312421,292.0,6
16,SLAPRP_Guo_small_O100_alpha0.3_v5.txt,false,true,false,false,6.5559669,87975824,0.0021338,709831,0,0,2278.0,105
16,SLAPRP_Guo_small_O100_alpha0.3_v5.txt,false,true,false,true,6.5559669,87975824,0.0021338,709831,1.4253806,3348123415,386.0,6
17,SLAPRP_Guo_small_O100_alpha0.3_v6.txt,true,true,false,false,0.2030312,24295839,0.0015806,792935,0,0,1834.0,103
17,SLAPRP_Guo_small_O100_alpha0.3_v6.txt,true,true,false,true,0.2030312,24295839,0.0015806,792935,1.4387149,3464466341,272.0,9
17,SLAPRP_Guo_small_O100_alpha0.3_v6.txt,false,true,true,false,58.8515177,674401570,0.0014792,775463,0,0,2012.0,103
17,SLAPRP_Guo_small_O100_alpha0.3_v6.txt,false,true,true,true,58.8515177,674401570,0.0014792,775463,1.3518763,3347900773,340.0,7
17,SLAPRP_Guo_small_O100_alpha0.3_v6.txt,false,true,false,false,59.2705489,668236528,0.0014454,758199,0,0,2636.0,103
17,SLAPRP_Guo_small_O100_alpha0.3_v6.txt,false,true,false,true,59.2705489,668236528,0.0014454,758199,1.5654676,3587307637,394.0,7
18,SLAPRP_Guo_small_O100_alpha0.3_v7.txt,true,true,false,false,0.20018,24453743,0.0015329,777623,0,0,1722.0,104
18,SLAPRP_Guo_small_O100_alpha0.3_v7.txt,true,true,false,true,0.20018,24453743,0.0015329,777623,1.4156637,3440071335,256.0,6
18,SLAPRP_Guo_small_O100_alpha0.3_v7.txt,false,true,true,false,23.0615925,94926642,0.0015145,748343,0,0,1880.0,104
18,SLAPRP_Guo_small_O100_alpha0.3_v7.txt,false,true,true,true,23.0615925,94926642,0.0015145,748343,1.7324207,3435580149,264.0,7
18,SLAPRP_Guo_small_O100_alpha0.3_v7.txt,false,true,false,false,3.3989274,87750368,0.001493,730183,0,0,2658.0,104
18,SLAPRP_Guo_small_O100_alpha0.3_v7.txt,false,true,false,true,3.3989274,87750368,0.001493,730183,1.4978521,3606686821,418.0,7
19,SLAPRP_Guo_small_O100_alpha0.3_v8.txt,true,true,false,false,0.2030667,23874303,0.0024579,791975,0,0,1920.0,103
19,SLAPRP_Guo_small_O100_alpha0.3_v8.txt,true,true,false,true,0.2030667,23874303,0.0024579,791975,1.3879873,3464481861,288.0,7
19,SLAPRP_Guo_small_O100_alpha0.3_v8.txt,false,true,true,false,3.4234814,82081304,0.0014556,715975,0,0,1942.0,103
19,SLAPRP_Guo_small_O100_alpha0.3_v8.txt,false,true,true,true,3.4234814,82081304,0.0014556,715975,1.450529,3418621349,314.0,7
19,SLAPRP_Guo_small_O100_alpha0.3_v8.txt,false,true,false,false,142.698172,79946838,0.001527,766647,0,0,2002.0,103
19,SLAPRP_Guo_small_O100_alpha0.3_v8.txt,false,true,false,true,142.698172,79946838,0.001527,766647,1.4374987,3572371957,338.0,7
20,SLAPRP_Guo_small_O100_alpha0.3_v9.txt,true,true,false,false,0.2003651,24289695,0.0014321,731191,0,0,1806.0,102
20,SLAPRP_Guo_small_O100_alpha0.3_v9.txt,true,true,false,true,0.2003651,24289695,0.0014321,731191,1.2997074,3237502423,266.0,7
20,SLAPRP_Guo_small_O100_alpha0.3_v9.txt,false,true,true,false,2.9736558,602929748,0.0013468,708759,0,0,1758.0,102
20,SLAPRP_Guo_small_O100_alpha0.3_v9.txt,false,true,true,true,2.9736558,602929748,0.0013468,708759,1.2770436,3041840261,300.0,7
20,SLAPRP_Guo_small_O100_alpha0.3_v9.txt,false,true,false,false,158.1854494,599653490,0.0014235,683239,0,0,3446.0,102
20,SLAPRP_Guo_small_O100_alpha0.3_v9.txt,false,true,false,true,158.1854494,599653490,0.0014235,683239,1.3051306,3147464519,442.0,6
21,SLAPRP_Guo_small_O100_alpha0.4_v1.txt,true,true,false,false,0.2173958,24361272,0.0022105,738471,0,0,1824.0,105
21,SLAPRP_Guo_small_O100_alpha0.4_v1.txt,true,true,false,true,0.2173958,24361272,0.0022105,738471,1.4838521,3559151893,260.0,6
21,SLAPRP_Guo_small_O100_alpha0.4_v1.txt,false,true,true,false,301.1723704,668368093,0.0013664,706967,0,0,1844.0,105
21,SLAPRP_Guo_small_O100_alpha0.4_v1.txt,false,true,true,true,301.1723704,668368093,0.0013664,706967,1.4545396,3399885383,296.0,6
21,SLAPRP_Guo_small_O100_alpha0.4_v1.txt,false,true,false,false,11.2777112,654430427,0.0014303,686183,0,0,2664.0,105
21,SLAPRP_Guo_small_O100_alpha0.4_v1.txt,false,true,false,true,11.2777112,654430427,0.0014303,686183,1.4177907,3436107717,396.0,6
22,SLAPRP_Guo_small_O100_alpha0.4_v10.txt,true,true,false,false,0.2012495,24542696,0.001209,644695,0,0,1616.0,100
22,SLAPRP_Guo_small_O100_alpha0.4_v10.txt,true,true,false,true,0.2012495,24542696,0.001209,644695,1.1722437,2899680981,212.0,6
22,SLAPRP_Guo_small_O100_alpha0.4_v10.txt,false,true,true,false,7.8250968,82831153,0.0010913,620775,0,0,1460.0,100
22,SLAPRP_Guo_small_O100_alpha0.4_v10.txt,false,true,true,true,7.8250968,82831153,0.0010913,620775,1.1167889,2806695847,226.0,6
22,SLAPRP_Guo_small_O100_alpha0.4_v10.txt,false,true,false,false,2.8357394,76123711,0.0014737,623287,0,0,1634.0,100
22,SLAPRP_Guo_small_O100_alpha0.4_v10.txt,false,true,false,true,2.8357394,76123711,0.0014737,623287,1.4545077,2916953237,282.0,8
23,SLAPRP_Guo_small_O100_alpha0.4_v2.txt,true,true,false,false,0.2114301,24296376,0.002476,745575,0,0,1712.0,104
23,SLAPRP_Guo_small_O100_alpha0.4_v2.txt,true,true,false,true,0.2114301,24296376,0.002476,745575,1.5194755,3376384439,230.0,8
23,SLAPRP_Guo_small_O100_alpha0.4_v2.txt,false,true,true,false,6.5950309,94409323,0.0013859,738135,0,0,1868.0,104
23,SLAPRP_Guo_small_O100_alpha0.4_v2.txt,false,true,true,true,6.5950309,94409323,0.0013859,738135,1.4170535,3384948327,292.0,7
23,SLAPRP_Guo_small_O100_alpha0.4_v2.txt,false,true,false,false,5.1691728,87987481,0.0015399,722071,0,0,2548.0,104
23,SLAPRP_Guo_small_O100_alpha0.4_v2.txt,false,true,false,true,5.1691728,87987481,0.0015399,722071,1.4186401,3371327797,390.0,10
24,SLAPRP_Guo_small_O100_alpha0.4_v3.txt,true,true,false,false,0.2016645,24371896,0.0021054,668215,0,0,1608.0,101
24,SLAPRP_Guo_small_O100_alpha0.4_v3.txt,true,true,false,true,0.2016645,24371896,0.0021054,668215,1.3037922,3077441189,248.0,6
24,SLAPRP_Guo_small_O100_alpha0.4_v3.txt,false,true,true,false,56.013831,95738219,0.0013035,685463,0,0,1798.0,101
24,SLAPRP_Guo_small_O100_alpha0.4_v3.txt,false,true,true,true,56.013831,95738219,0.0013035,685463,1.1778962,2995394983,308.0,7
24,SLAPRP_Guo_small_O100_alpha0.4_v3.txt,false,true,false,false,4.2302022,87957225,0.0013319,664023,0,0,2450.0,101
24,SLAPRP_Guo_small_O100_alpha0.4_v3.txt,false,true,false,true,4.2302022,87957225,0.0013319,664023,1.2875017,3186176197,386.0,8
25,SLAPRP_Guo_small_O100_alpha0.4_v4.txt,true,true,false,false,0.2059872,24503464,0.0013883,739463,0,0,1660.0,105
25,SLAPRP_Guo_small_O100_alpha0.4_v4.txt,true,true,false,true,0.2059872,24503464,0.0013883,739463,1.4420448,3438532343,226.0,8
25,SLAPRP_Guo_small_O100_alpha0.4_v4.txt,false,true,true,false,10.6675625,94836123,0.0035632,730327,0,0,1966.0,105
25,SLAPRP_Guo_small_O100_alpha0.4_v4.txt,false,true,true,true,10.6675625,94836123,0.0035632,730327,1.583739,3684388805,294.0,7
25,SLAPRP_Guo_small_O100_alpha0.4_v4.txt,false,true,false,false,3.7083949,87936185,0.0013843,700599,0,0,2688.0,105
25,SLAPRP_Guo_small_O100_alpha0.4_v4.txt,false,true,false,true,3.7083949,87936185,0.0013843,700599,1.4414803,3523970741,410.0,8
26,SLAPRP_Guo_small_O100_alpha0.4_v5.txt,true,true,false,false,0.1974346,24478120,0.0012012,658215,0,0,1436.0,102
26,SLAPRP_Guo_small_O100_alpha0.4_v5.txt,true,true,false,true,0.1974346,24478120,0.0012012,658215,1.2206769,3116743847,208.0,7
26,SLAPRP_Guo_small_O100_alpha0.4_v5.txt,false,true,true,false,57.9979828,698616119,0.001928,666199,0,0,1656.0,102
26,SLAPRP_Guo_small_O100_alpha0.4_v5.txt,false,true,true,true,57.9979828,698616119,0.001928,666199,1.236862,3017229669,258.0,7
26,SLAPRP_Guo_small_O100_alpha0.4_v5.txt,false,true,false,false,5.978819,690827861,0.0011695,629351,0,0,2380.0,102
26,SLAPRP_Guo_small_O100_alpha0.4_v5.txt,false,true,false,true,5.978819,690827861,0.0011695,629351,1.2119587,3053528981,370.0,6
27,SLAPRP_Guo_small_O100_alpha0.4_v6.txt,true,true,false,false,0.2073292,24588440,0.0013879,725687,0,0,1690.0,100
27,SLAPRP_Guo_small_O100_alpha0.4_v6.txt,true,true,false,true,0.2073292,24588440,0.0013879,725687,1.2827238,3048669893,234.0,6
27,SLAPRP_Guo_small_O100_alpha0.4_v6.txt,false,true,true,false,7.2907087,82605169,0.0013254,693687,0,0,1754.0,100
27,SLAPRP_Guo_small_O100_alpha0.4_v6.txt,false,true,true,true,7.2907087,82605169,0.0013254,693687,1.5966773,3055926469,270.0,6
27,SLAPRP_Guo_small_O100_alpha0.4_v6.txt,false,true,false,false,11.1979995,76094351,0.0021023,692119,0,0,1784.0,100
27,SLAPRP_Guo_small_O100_alpha0.4_v6.txt,false,true,false,true,11.1979995,76094351,0.0021023,692119,1.2144834,3048196949,294.0,7
28,SLAPRP_Guo_small_O100_alpha0.4_v7.txt,true,true,false,false,0.2002598,24349560,0.0014154,745799,0,0,1856.0,100
28,SLAPRP_Guo_small_O100_alpha0.4_v7.txt,true,true,false,true,0.2002598,24349560,0.0014154,745799,1.2621203,3123762199,234.0,7
28,SLAPRP_Guo_small_O100_alpha0.4_v7.txt,false,true,true,false,11.0411497,82443821,0.0014949,736503,0,0,1924.0,100
28,SLAPRP_Guo_small_O100_alpha0.4_v7.txt,false,true,true,true,11.0411497,82443821,0.0014949,736503,1.2247655,3044700311,284.0,6
28,SLAPRP_Guo_small_O100_alpha0.4_v7.txt,false,true,false,false,4.3396576,75568219,0.0014693,696823,0,0,2678.0,100
28,SLAPRP_Guo_small_O100_alpha0.4_v7.txt,false,true,false,true,4.3396576,75568219,0.0014693,696823,1.3420512,3155102213,396.0,6
29,SLAPRP_Guo_small_O100_alpha0.4_v8.txt,true,true,false,false,0.222857,24344872,0.0012727,698647,0,0,1472.0,101
29,SLAPRP_Guo_small_O100_alpha0.4_v8.txt,true,true,false,true,0.222857,24344872,0.0012727,698647,1.2385889,3011766677,218.0,7
29,SLAPRP_Guo_small_O100_alpha0.4_v8.txt,false,true,true,false,78.053645,96445003,0.0019327,671415,0,0,1638.0,101
29,SLAPRP_Guo_small_O100_alpha0.4_v8.txt,false,true,true,true,78.053645,96445003,0.0019327,671415,1.2328065,3023168837,214.0,6
29,SLAPRP_Guo_small_O100_alpha0.4_v8.txt,false,true,false,false,8.6830899,87552089,0.0013113,655127,0,0,2410.0,101
29,SLAPRP_Guo_small_O100_alpha0.4_v8.txt,false,true,false,true,8.6830899,87552089,0.0013113,655127,1.2642539,3096108631,356.0,6
30,SLAPRP_Guo_small_O100_alpha0.4_v9.txt,true,true,false,false,0.2011022,24608968,0.0020564,698007,0,0,1652.0,100
30,SLAPRP_Guo_small_O100_alpha0.4_v9.txt,true,true,false,true,0.2011022,24608968,0.0020564,698007,1.1718642,2906686631,244.0,12
30,SLAPRP_Guo_small_O100_alpha0.4_v9.txt,false,true,true,false,40.8919209,95460891,0.0011967,655719,0,0,1598.0,100
30,SLAPRP_Guo_small_O100_alpha0.4_v9.txt,false,true,true,true,40.8919209,95460891,0.0011967,655719,1.1415301,2789318103,250.0,10
30,SLAPRP_Guo_small_O100_alpha0.4_v9.txt,false,true,false,false,4.306255,88121977,0.0012052,628055,0,0,2294.0,100
30,SLAPRP_Guo_small_O100_alpha0.4_v9.txt,false,true,false,true,4.306255,88121977,0.0012052,628055,1.323616,3022425045,366.0,6
31,SLAPRP_Guo_small_O200_alpha0.2_v1.txt,true,true,false,false,0.2035738,23305531,0.0036752,1444903,0,0,3774.0,203
31,SLAPRP_Guo_small_O200_alpha0.2_v1.txt,true,true,false,true,0.2035738,23305531,0.0036752,1444903,10.9437288,26311519207,440.0,15
31,SLAPRP_Guo_small_O200_alpha0.2_v1.txt,false,true,true,false,10.23,602019040,0.0034523,1427175,0,0,3924.0,203
31,SLAPRP_Guo_small_O200_alpha0.2_v1.txt,false,true,true,true,10.23,602019040,0.0034523,1427175,10.7643745,25584877463,552.0,12
31,SLAPRP_Guo_small_O200_alpha0.2_v1.txt,false,true,false,false,129.7152978,598859518,0.0028306,1419527,0,0,7080.0,203
31,SLAPRP_Guo_small_O200_alpha0.2_v1.txt,false,true,false,true,129.7152978,598859518,0.0028306,1419527,11.0551349,26678750725,798.0,12
32,SLAPRP_Guo_small_O200_alpha0.2_v10.txt,true,true,false,false,0.2091646,23317211,0.0034669,1550007,0,0,4118.0,200
32,SLAPRP_Guo_small_O200_alpha0.2_v10.txt,true,true,false,true,0.2091646,23317211,0.0034669,1550007,10.7089314,25678192919,468.0,12
32,SLAPRP_Guo_small_O200_alpha0.2_v10.txt,false,true,true,false,3.9005075,117406858,0.0048974,1460215,0,0,3916.0,200
32,SLAPRP_Guo_small_O200_alpha0.2_v10.txt,false,true,true,true,3.9005075,117406858,0.0048974,1460215,10.4765653,25629285829,532.0,12
32,SLAPRP_Guo_small_O200_alpha0.2_v10.txt,false,true,false,false,6.5345064,110772072,0.0031602,1418407,0,0,5402.0,200
32,SLAPRP_Guo_small_O200_alpha0.2_v10.txt,false,true,false,true,6.5345064,110772072,0.0031602,1418407,10.9646883,25895728421,770.0,12
33,SLAPRP_Guo_small_O200_alpha0.2_v2.txt,true,true,false,false,0.208921,23292411,0.0043083,1509719,0,0,4016.0,201
33,SLAPRP_Guo_small_O200_alpha0.2_v2.txt,true,true,false,true,0.208921,23292411,0.0043083,1509719,10.2616021,24613021957,472.0,15
33,SLAPRP_Guo_small_O200_alpha0.2_v2.txt,false,true,true,false,9.0565439,507195045,0.0028882,1402855,0,0,4094.0,201
33,SLAPRP_Guo_small_O200_alpha0.2_v2.txt,false,true,true,true,9.0565439,507195045,0.0028882,1402855,10.4757573,25441292789,580.0,12
33,SLAPRP_Guo_small_O200_alpha0.2_v2.txt,false,true,false,false,164.699273,504597230,0.0041191,1417879,0,0,7606.0,201
33,SLAPRP_Guo_small_O200_alpha0.2_v2.txt,false,true,false,true,164.699273,504597230,0.0041191,1417879,10.9208595,25996079845,950.0,12
34,SLAPRP_Guo_small_O200_alpha0.2_v3.txt,true,true,false,false,0.2074089,23177787,0.0031841,1592423,0,0,4232.0,200
34,SLAPRP_Guo_small_O200_alpha0.2_v3.txt,true,true,false,true,0.2074089,23177787,0.0031841,1592423,11.6115543,26289416661,514.0,13
34,SLAPRP_Guo_small_O200_alpha0.2_v3.txt,false,true,true,false,6.6628582,117241018,0.0032463,1491031,0,0,4170.0,200
34,SLAPRP_Guo_small_O200_alpha0.2_v3.txt,false,true,true,true,6.6628582,117241018,0.0032463,1491031,10.7919038,25969655797,542.0,13
34,SLAPRP_Guo_small_O200_alpha0.2_v3.txt,false,true,false,false,1.9690262,110718920,0.0038648,1457271,0,0,5492.0,200
34,SLAPRP_Guo_small_O200_alpha0.2_v3.txt,false,true,false,true,1.9690262,110718920,0.0038648,1457271,11.2552321,26843615029,768.0,13
35,SLAPRP_Guo_small_O200_alpha0.2_v4.txt,true,true,false,false,0.2115307,23407851,0.0029191,1470023,0,0,3838.0,205
35,SLAPRP_Guo_small_O200_alpha0.2_v4.txt,true,true,false,true,0.2115307,23407851,0.0029191,1470023,10.364687,25360037767,468.0,15
35,SLAPRP_Guo_small_O200_alpha0.2_v4.txt,false,true,true,false,10.4529467,661283954,0.0032118,1471575,0,0,3954.0,205
35,SLAPRP_Guo_small_O200_alpha0.2_v4.txt,false,true,true,true,10.4529467,661283954,0.0032118,1471575,10.5669283,25832146133,564.0,13
35,SLAPRP_Guo_small_O200_alpha0.2_v4.txt,false,true,false,false,138.4522932,657861424,0.0027903,1367031,0,0,6686.0,205
35,SLAPRP_Guo_small_O200_alpha0.2_v4.txt,false,true,false,true,138.4522932,657861424,0.0027903,1367031,11.1840355,26513932279,782.0,12
36,SLAPRP_Guo_small_O200_alpha0.2_v5.txt,true,true,false,false,0.2033129,23655915,0.0026572,1346087,0,0,3408.0,201
36,SLAPRP_Guo_small_O200_alpha0.2_v5.txt,true,true,false,true,0.2033129,23655915,0.0026572,1346087,9.9815489,24344966501,408.0,17
36,SLAPRP_Guo_small_O200_alpha0.2_v5.txt,false,true,true,false,3.1531298,661535762,0.0024249,1311031,0,0,3482.0,201
36,SLAPRP_Guo_small_O200_alpha0.2_v5.txt,false,true,true,true,3.1531298,661535762,0.0024249,1311031,9.4754259,24245051895,468.0,11
36,SLAPRP_Guo_small_O200_alpha0.2_v5.txt,false,true,false,false,223.6234055,659388128,0.002734,1290071,0,0,6124.0,201
36,SLAPRP_Guo_small_O200_alpha0.2_v5.txt,false,true,false,true,223.6234055,659388128,0.002734,1290071,10.5231089,24265937061,716.0,17
37,SLAPRP_Guo_small_O200_alpha0.2_v6.txt,true,true,false,false,0.1996,23338315,0.0028106,1493495,0,0,3392.0,201
37,SLAPRP_Guo_small_O200_alpha0.2_v6.txt,true,true,false,true,0.1996,23338315,0.0028106,1493495,10.3420578,24160986647,426.0,17
37,SLAPRP_Guo_small_O200_alpha0.2_v6.txt,false,true,true,false,18.1605459,93510526,0.002767,1438615,0,0,3734.0,201
37,SLAPRP_Guo_small_O200_alpha0.2_v6.txt,false,true,true,true,18.1605459,93510526,0.002767,1438615,9.8122563,24151579495,522.0,12
37,SLAPRP_Guo_small_O200_alpha0.2_v6.txt,false,true,false,false,3.9956605,86492796,0.0027693,1367431,0,0,5066.0,201
37,SLAPRP_Guo_small_O200_alpha0.2_v6.txt,false,true,false,true,3.9956605,86492796,0.0027693,1367431,9.8899602,24617815287,676.0,13
38,SLAPRP_Guo_small_O200_alpha0.2_v7.txt,true,true,false,false,0.2028005,23171003,0.0030017,1514935,0,0,3840.0,200
38,SLAPRP_Guo_small_O200_alpha0.2_v7.txt,true,true,false,true,0.2028005,23171003,0.0030017,1514935,10.5131175,25226591831,492.0,14
38,SLAPRP_Guo_small_O200_alpha0.2_v7.txt,false,true,true,false,7.6457839,613712714,0.0030088,1501287,0,0,4076.0,200
38,SLAPRP_Guo_small_O200_alpha0.2_v7.txt,false,true,true,true,7.6457839,613712714,0.0030088,1501287,10.508042,25143965207,586.0,17
38,SLAPRP_Guo_small_O200_alpha0.2_v7.txt,false,true,false,false,30.7200906,608306952,0.0028873,1435671,0,0,7494.0,200
38,SLAPRP_Guo_small_O200_alpha0.2_v7.txt,false,true,false,true,30.7200906,608306952,0.0028873,1435671,11.0178985,25969259797,870.0,12
39,SLAPRP_Guo_small_O200_alpha0.2_v8.txt,true,true,false,false,0.2066229,23163851,0.0146411,1564647,0,0,3904.0,200
39,SLAPRP_Guo_small_O200_alpha0.2_v8.txt,true,true,false,true,0.2066229,23163851,0.0146411,1564647,10.2622037,24099791493,468.0,14
39,SLAPRP_Guo_small_O200_alpha0.2_v8.txt,false,true,true,false,6.6533215,93259246,0.0030916,1492791,0,0,3980.0,200
39,SLAPRP_Guo_small_O200_alpha0.2_v8.txt,false,true,true,true,6.6533215,93259246,0.0030916,1492791,10.3688898,24241423989,552.0,12
39,SLAPRP_Guo_small_O200_alpha0.2_v8.txt,false,true,false,false,1.8087081,86592892,0.0032574,1520391,0,0,5002.0,200
39,SLAPRP_Guo_small_O200_alpha0.2_v8.txt,false,true,false,true,1.8087081,86592892,0.0032574,1520391,10.6541181,26056094423,750.0,12
40,SLAPRP_Guo_small_O200_alpha0.2_v9.txt,true,true,false,false,0.2059175,23237195,0.0035409,1530775,0,0,3816.0,201
40,SLAPRP_Guo_small_O200_alpha0.2_v9.txt,true,true,false,true,0.2059175,23237195,0.0035409,1530775,10.933573,25966983863,466.0,15
40,SLAPRP_Guo_small_O200_alpha0.2_v9.txt,false,true,true,false,3.5933065,93294158,0.0030906,1480567,0,0,4056.0,201
40,SLAPRP_Guo_small_O200_alpha0.2_v9.txt,false,true,true,true,3.5933065,93294158,0.0030906,1480567,10.5705057,24719533333,570.0,13
40,SLAPRP_Guo_small_O200_alpha0.2_v9.txt,false,true,false,false,2.9531771,86657548,0.0053973,1476359,0,0,4852.0,201
40,SLAPRP_Guo_small_O200_alpha0.2_v9.txt,false,true,false,true,2.9531771,86657548,0.0053973,1476359,10.9553429,26353992615,762.0,12
41,SLAPRP_Guo_small_O200_alpha0.3_v1.txt,true,true,false,false,0.1979676,23464587,0.0036778,1377335,0,0,3536.0,203
41,SLAPRP_Guo_small_O200_alpha0.3_v1.txt,true,true,false,true,0.1979676,23464587,0.0036778,1377335,10.4889891,25665003093,420.0,13
41,SLAPRP_Guo_small_O200_alpha0.3_v1.txt,false,true,true,false,4.9949977,93391534,0.0037172,1346903,0,0,3638.0,203
41,SLAPRP_Guo_small_O200_alpha0.3_v1.txt,false,true,true,true,4.9949977,93391534,0.0037172,1346903,10.5563174,25701195317,464.0,13
41,SLAPRP_Guo_small_O200_alpha0.3_v1.txt,false,true,false,false,4.2954242,86755164,0.0026006,1300487,0,0,4856.0,203
41,SLAPRP_Guo_small_O200_alpha0.3_v1.txt,false,true,false,true,4.2954242,86755164,0.0026006,1300487,9.9809413,25039140165,666.0,12
42,SLAPRP_Guo_small_O200_alpha0.3_v10.txt,true,true,false,false,0.2172629,23230907,0.0047657,1472503,0,0,3892.0,201
42,SLAPRP_Guo_small_O200_alpha0.3_v10.txt,true,true,false,true,0.2172629,23230907,0.0047657,1472503,10.7713643,25883722823,478.0,13
42,SLAPRP_Guo_small_O200_alpha0.3_v10.txt,false,true,true,false,66.9853958,674058590,0.0052377,1473527,0,0,3816.0,201
42,SLAPRP_Guo_small_O200_alpha0.3_v10.txt,false,true,true,true,66.9853958,674058590,0.0052377,1473527,10.643851,24524898517,550.0,13
42,SLAPRP_Guo_small_O200_alpha0.3_v10.txt,false,true,false,false,2.5990076,665416044,0.0031183,1432727,0,0,5504.0,201
42,SLAPRP_Guo_small_O200_alpha0.3_v10.txt,false,true,false,true,2.5990076,665416044,0.0031183,1432727,11.4457013,25849303703,762.0,12
43,SLAPRP_Guo_small_O200_alpha0.3_v2.txt,true,true,false,false,0.2634199,23645083,0.0029825,1436119,0,0,3626.0,203
43,SLAPRP_Guo_small_O200_alpha0.3_v2.txt,true,true,false,true,0.2634199,23645083,0.0029825,1436119,11.1112945,24608730583,456.0,12
43,SLAPRP_Guo_small_O200_alpha0.3_v2.txt,false,true,true,false,8.0263646,93498782,0.0029414,1421271,0,0,3838.0,203
43,SLAPRP_Guo_small_O200_alpha0.3_v2.txt,false,true,true,true,8.0263646,93498782,0.0029414,1421271,10.7635776,24813918581,482.0,12
43,SLAPRP_Guo_small_O200_alpha0.3_v2.txt,false,true,false,false,6.5868437,86859596,0.0036248,1420567,0,0,4892.0,203
43,SLAPRP_Guo_small_O200_alpha0.3_v2.txt,false,true,false,true,6.5868437,86859596,0.0036248,1420567,10.6140545,25052222549,672.0,13
44,SLAPRP_Guo_small_O200_alpha0.3_v3.txt,true,true,false,false,0.2278219,23624027,0.0026491,1304167,0,0,3400.0,202
44,SLAPRP_Guo_small_O200_alpha0.3_v3.txt,true,true,false,true,0.2278219,23624027,0.0026491,1304167,11.0332665,24297494485,388.0,12
44,SLAPRP_Guo_small_O200_alpha0.3_v3.txt,false,true,true,false,9.9748215,696291770,0.004096,1273559,0,0,3388.0,202
44,SLAPRP_Guo_small_O200_alpha0.3_v3.txt,false,true,true,true,9.9748215,696291770,0.004096,1273559,10.3607691,23972919989,476.0,19
44,SLAPRP_Guo_small_O200_alpha0.3_v3.txt,false,true,false,false,2.5878502,689485320,0.0027666,1242839,0,0,4770.0,202
44,SLAPRP_Guo_small_O200_alpha0.3_v3.txt,false,true,false,true,2.5878502,689485320,0.0027666,1242839,10.6867719,23325789077,608.0,17
45,SLAPRP_Guo_small_O200_alpha0.3_v4.txt,true,true,false,false,0.2147741,23401819,0.0030169,1382871,0,0,3704.0,202
45,SLAPRP_Guo_small_O200_alpha0.3_v4.txt,true,true,false,true,0.2147741,23401819,0.0030169,1382871,11.6128341,26714348759,406.0,13
45,SLAPRP_Guo_small_O200_alpha0.3_v4.txt,false,true,true,false,11.5818502,672379518,0.0030201,1446663,0,0,3850.0,202
45,SLAPRP_Guo_small_O200_alpha0.3_v4.txt,false,true,true,true,11.5818502,672379518,0.0030201,1446663,10.6769963,24349065941,512.0,12
45,SLAPRP_Guo_small_O200_alpha0.3_v4.txt,false,true,false,false,7.3250892,665028140,0.0028958,1381719,0,0,5716.0,202
45,SLAPRP_Guo_small_O200_alpha0.3_v4.txt,false,true,false,true,7.3250892,665028140,0.0028958,1381719,11.7499237,26021924469,726.0,12
46,SLAPRP_Guo_small_O200_alpha0.3_v5.txt,true,true,false,false,0.223373,23391483,0.0026942,1366327,0,0,3504.0,202
46,SLAPRP_Guo_small_O200_alpha0.3_v5.txt,true,true,false,true,0.223373,23391483,0.0026942,1366327,11.5963631,25375562679,448.0,16
46,SLAPRP_Guo_small_O200_alpha0.3_v5.txt,false,true,true,false,4.3508866,696043450,0.0037212,1318583,0,0,3434.0,202
46,SLAPRP_Guo_small_O200_alpha0.3_v5.txt,false,true,true,true,4.3508866,696043450,0.0037212,1318583,10.7146114,24378727735,464.0,11
46,SLAPRP_Guo_small_O200_alpha0.3_v5.txt,false,true,false,false,5.4926048,689428168,0.0026428,1266455,0,0,5020.0,202
46,SLAPRP_Guo_small_O200_alpha0.3_v5.txt,false,true,false,true,5.4926048,689428168,0.0026428,1266455,11.0001177,24672414023,654.0,12
47,SLAPRP_Guo_small_O200_alpha0.3_v6.txt,true,true,false,false,0.2136288,23131003,0.0032537,1478103,0,0,4064.0,202
47,SLAPRP_Guo_small_O200_alpha0.3_v6.txt,true,true,false,true,0.2136288,23131003,0.0032537,1478103,11.8983455,25907026437,480.0,13
47,SLAPRP_Guo_small_O200_alpha0.3_v6.txt,false,true,true,false,69.1694351,697490442,0.0030222,1443223,0,0,3766.0,202
47,SLAPRP_Guo_small_O200_alpha0.3_v6.txt,false,true,true,true,69.1694351,697490442,0.0030222,1443223,11.7210711,25689169989,532.0,13
47,SLAPRP_Guo_small_O200_alpha0.3_v6.txt,false,true,false,false,3.4894283,688983288,0.0031639,1377095,0,0,5398.0,202
47,SLAPRP_Guo_small_O200_alpha0.3_v6.txt,false,true,false,true,3.4894283,688983288,0.0031639,1377095,12.4662826,26223804629,800.0,13
48,SLAPRP_Guo_small_O200_alpha0.3_v7.txt,true,true,false,false,0.227307,23194859,0.0032332,1455111,0,0,4098.0,200
48,SLAPRP_Guo_small_O200_alpha0.3_v7.txt,true,true,false,true,0.227307,23194859,0.0032332,1455111,12.0829528,26295510871,510.0,12
48,SLAPRP_Guo_small_O200_alpha0.3_v7.txt,false,true,true,false,121.69362,84745920,0.0030537,1421831,0,0,3870.0,200
48,SLAPRP_Guo_small_O200_alpha0.3_v7.txt,false,true,true,true,121.69362,84745920,0.0030537,1421831,11.7497824,25136310965,542.0,12
48,SLAPRP_Guo_small_O200_alpha0.3_v7.txt,false,true,false,false,6.210632,74400926,0.0030056,1391047,0,0,5124.0,200
48,SLAPRP_Guo_small_O200_alpha0.3_v7.txt,false,true,false,true,6.210632,74400926,0.0030056,1391047,11.5641371,25678581957,680.0,13
49,SLAPRP_Guo_small_O200_alpha0.3_v8.txt,true,true,false,false,0.2432927,23305371,0.0037965,1420615,0,0,3722.0,200
49,SLAPRP_Guo_small_O200_alpha0.3_v8.txt,true,true,false,true,0.2432927,23305371,0.0037965,1420615,10.9548569,23790721781,474.0,13
49,SLAPRP_Guo_small_O200_alpha0.3_v8.txt,false,true,true,false,4.6367229,695964282,0.0029629,1414247,0,0,3728.0,200
49,SLAPRP_Guo_small_O200_alpha0.3_v8.txt,false,true,true,true,4.6367229,695964282,0.0029629,1414247,10.8150761,23724537221,540.0,12
49,SLAPRP_Guo_small_O200_alpha0.3_v8.txt,false,true,false,false,4.117927,689599512,0.0029951,1342775,0,0,5298.0,200
49,SLAPRP_Guo_small_O200_alpha0.3_v8.txt,false,true,false,true,4.117927,689599512,0.0029951,1342775,11.2196163,24403096919,780.0,14
50,SLAPRP_Guo_small_O200_alpha0.3_v9.txt,true,true,false,false,0.2221172,23466619,0.0030868,1483783,0,0,3966.0,206
50,SLAPRP_Guo_small_O200_alpha0.3_v9.txt,true,true,false,true,0.2221172,23466619,0.0030868,1483783,12.8774489,27620627703,436.0,15
50,SLAPRP_Guo_small_O200_alpha0.3_v9.txt,false,true,true,false,5.000319,649242104,0.0027551,1430855,0,0,4144.0,206
50,SLAPRP_Guo_small_O200_alpha0.3_v9.txt,false,true,true,true,5.000319,649242104,0.0027551,1430855,12.2687152,26859640981,514.0,12
50,SLAPRP_Guo_small_O200_alpha0.3_v9.txt,false,true,false,false,83.5454778,644874470,0.0029667,1386567,0,0,7142.0,206
50,SLAPRP_Guo_small_O200_alpha0.3_v9.txt,false,true,false,true,83.5454778,644874470,0.0029667,1386567,13.1269689,28129247415,814.0,12
51,SLAPRP_Guo_small_O200_alpha0.4_v1.txt,true,true,false,false,0.2184345,23447643,0.0040199,1423287,0,0,3650.0,201
51,SLAPRP_Guo_small_O200_alpha0.4_v1.txt,true,true,false,true,0.2184345,23447643,0.0040199,1423287,11.8470799,25354545909,410.0,14
51,SLAPRP_Guo_small_O200_alpha0.4_v1.txt,false,true,true,false,7.8611922,660158304,0.0027754,1347943,0,0,3636.0,201
51,SLAPRP_Guo_small_O200_alpha0.4_v1.txt,false,true,true,true,7.8611922,660158304,0.0027754,1347943,11.3714623,24252375077,484.0,12
51,SLAPRP_Guo_small_O200_alpha0.4_v1.txt,false,true,false,false,2.3034505,653152910,0.0027893,1305207,0,0,5206.0,201
51,SLAPRP_Guo_small_O200_alpha0.4_v1.txt,false,true,false,true,2.3034505,653152910,0.0027893,1305207,11.1894115,24435231829,644.0,11
52,SLAPRP_Guo_small_O200_alpha0.4_v10.txt,true,true,false,false,0.2199479,23208875,0.0035244,1512647,0,0,3852.0,200
52,SLAPRP_Guo_small_O200_alpha0.4_v10.txt,true,true,false,true,0.2199479,23208875,0.0035244,1512647,11.9301292,25871630725,474.0,13
52,SLAPRP_Guo_small_O200_alpha0.4_v10.txt,false,true,true,false,174.8830314,712613656,0.0028552,1441847,0,0,4012.0,200
52,SLAPRP_Guo_small_O200_alpha0.4_v10.txt,false,true,true,true,174.8830314,712613656,0.0028552,1441847,11.5211488,24662192759,562.0,13
52,SLAPRP_Guo_small_O200_alpha0.4_v10.txt,false,true,false,false,13.1344018,701309510,0.002953,1381591,0,0,5186.0,200
52,SLAPRP_Guo_small_O200_alpha0.4_v10.txt,false,true,false,true,13.1344018,701309510,0.002953,1381591,11.4470758,25537347797,714.0,13
53,SLAPRP_Guo_small_O200_alpha0.4_v2.txt,true,true,false,false,0.2352794,23427547,0.00273,1330903,0,0,3654.0,201
53,SLAPRP_Guo_small_O200_alpha0.4_v2.txt,true,true,false,true,0.2352794,23427547,0.00273,1330903,11.0906033,24276790869,440.0,14
53,SLAPRP_Guo_small_O200_alpha0.4_v2.txt,false,true,true,false,3.7660661,684024892,0.0027462,1331047,0,0,3458.0,201
53,SLAPRP_Guo_small_O200_alpha0.4_v2.txt,false,true,true,true,3.7660661,684024892,0.0027462,1331047,10.9534518,23860350631,438.0,11
53,SLAPRP_Guo_small_O200_alpha0.4_v2.txt,false,true,false,false,10.0404319,677730410,0.0041597,1256807,0,0,4960.0,201
53,SLAPRP_Guo_small_O200_alpha0.4_v2.txt,false,true,false,true,10.0404319,677730410,0.0041597,1256807,11.0950875,23969043463,666.0,13
54,SLAPRP_Guo_small_O200_alpha0.4_v3.txt,true,true,false,false,0.2430559,23196619,0.0036573,1451559,0,0,3758.0,208
54,SLAPRP_Guo_small_O200_alpha0.4_v3.txt,true,true,false,true,0.2430559,23196619,0.0036573,1451559,12.9560665,27935894581,444.0,14
54,SLAPRP_Guo_small_O200_alpha0.4_v3.txt,false,true,true,false,9.7270526,93378462,0.0027953,1410663,0,0,3960.0,208
54,SLAPRP_Guo_small_O200_alpha0.4_v3.txt,false,true,true,true,9.7270526,93378462,0.0027953,1410663,12.1741067,26600030741,540.0,12
54,SLAPRP_Guo_small_O200_alpha0.4_v3.txt,false,true,false,false,1.828821,86436252,0.0029451,1358455,0,0,5224.0,208
54,SLAPRP_Guo_small_O200_alpha0.4_v3.txt,false,true,false,true,1.828821,86436252,0.0029451,1358455,12.9793953,28615451413,670.0,12
55,SLAPRP_Guo_small_O200_alpha0.4_v4.txt,true,true,false,false,0.2234033,23382843,0.0030942,1427463,0,0,3808.0,203
55,SLAPRP_Guo_small_O200_alpha0.4_v4.txt,true,true,false,true,0.2234033,23382843,0.0030942,1427463,11.6003254,25691322391,446.0,16
55,SLAPRP_Guo_small_O200_alpha0.4_v4.txt,false,true,true,false,63.064002,697893482,0.0029808,1444823,0,0,3862.0,203
55,SLAPRP_Guo_small_O200_alpha0.4_v4.txt,false,true,true,true,63.064002,697893482,0.0029808,1444823,12.0187754,25692838901,522.0,15
55,SLAPRP_Guo_small_O200_alpha0.4_v4.txt,false,true,false,false,3.1709736,689386488,0.0040457,1437463,0,0,5670.0,203
55,SLAPRP_Guo_small_O200_alpha0.4_v4.txt,false,true,false,true,3.1709736,689386488,0.0040457,1437463,12.6084599,27341962693,750.0,14
56,SLAPRP_Guo_small_O200_alpha0.4_v5.txt,true,true,false,false,0.2299065,23400267,0.0028404,1393143,0,0,3414.0,201
56,SLAPRP_Guo_small_O200_alpha0.4_v5.txt,true,true,false,true,0.2299065,23400267,0.0028404,1393143,10.9476525,24111437655,424.0,11
56,SLAPRP_Guo_small_O200_alpha0.4_v5.txt,false,true,true,false,127.713913,95880670,0.0040984,1350343,0,0,3664.0,201
56,SLAPRP_Guo_small_O200_alpha0.4_v5.txt,false,true,true,true,127.713913,95880670,0.0040984,1350343,10.8971017,24306728599,492.0,11
56,SLAPRP_Guo_small_O200_alpha0.4_v5.txt,false,true,false,false,5.301435,87037260,0.002723,1293047,0,0,4930.0,201
56,SLAPRP_Guo_small_O200_alpha0.4_v5.txt,false,true,false,true,5.301435,87037260,0.002723,1293047,11.1740525,24939460069,684.0,14
57,SLAPRP_Guo_small_O200_alpha0.4_v6.txt,true,true,false,false,0.2265179,23532267,0.0027947,1387831,0,0,3714.0,204
57,SLAPRP_Guo_small_O200_alpha0.4_v6.txt,true,true,false,true,0.2265179,23532267,0.0027947,1387831,12.0112137,26745269333,404.0,16
57,SLAPRP_Guo_small_O200_alpha0.4_v6.txt,false,true,true,false,40.5970623,673010190,0.00284,1427479,0,0,3522.0,204
57,SLAPRP_Guo_small_O200_alpha0.4_v6.txt,false,true,true,true,40.5970623,673010190,0.00284,1427479,11.6186006,25720560839,488.0,13
57,SLAPRP_Guo_small_O200_alpha0.4_v6.txt,false,true,false,false,40.0337444,666144732,0.0032667,1317975,0,0,5324.0,204
57,SLAPRP_Guo_small_O200_alpha0.4_v6.txt,false,true,false,true,40.0337444,666144732,0.0032667,1317975,11.6634118,26092062133,640.0,12
58,SLAPRP_Guo_small_O200_alpha0.4_v7.txt,true,true,false,false,0.2309741,23217771,0.0030413,1480359,0,0,3764.0,206
58,SLAPRP_Guo_small_O200_alpha0.4_v7.txt,true,true,false,true,0.2309741,23217771,0.0030413,1480359,12.3475593,27463815125,452.0,14
58,SLAPRP_Guo_small_O200_alpha0.4_v7.txt,false,true,true,false,10.7101872,93276910,0.0033852,1399127,0,0,3782.0,206
58,SLAPRP_Guo_small_O200_alpha0.4_v7.txt,false,true,true,true,10.7101872,93276910,0.0033852,1399127,11.4898269,25654198039,514.0,12
58,SLAPRP_Guo_small_O200_alpha0.4_v7.txt,false,true,false,false,2.3576711,86612380,0.0037601,1468855,0,0,4998.0,206
58,SLAPRP_Guo_small_O200_alpha0.4_v7.txt,false,true,false,true,2.3576711,86612380,0.0037601,1468855,12.658665,28116942727,726.0,12
59,SLAPRP_Guo_small_O200_alpha0.4_v8.txt,true,true,false,false,0.2192259,23544571,0.0030127,1333223,0,0,3308.0,204
59,SLAPRP_Guo_small_O200_alpha0.4_v8.txt,true,true,false,true,0.2192259,23544571,0.0030127,1333223,10.8553041,24535655511,428.0,16
59,SLAPRP_Guo_small_O200_alpha0.4_v8.txt,false,true,true,false,4.2657852,696205498,0.0026166,1283447,0,0,3574.0,204
59,SLAPRP_Guo_small_O200_alpha0.4_v8.txt,false,true,true,true,4.2657852,696205498,0.0026166,1283447,11.2719024,25312632581,456.0,11
59,SLAPRP_Guo_small_O200_alpha0.4_v8.txt,false,true,false,false,3.7325586,689694248,0.0026536,1246439,0,0,4890.0,204
59,SLAPRP_Guo_small_O200_alpha0.4_v8.txt,false,true,false,true,3.7325586,689694248,0.0026536,1246439,11.0992348,25217699605,638.0,15
60,SLAPRP_Guo_small_O200_alpha0.4_v9.txt,true,true,false,false,0.2194257,23556891,0.0027649,1362295,0,0,3400.0,203
60,SLAPRP_Guo_small_O200_alpha0.4_v9.txt,true,true,false,true,0.2194257,23556891,0.0027649,1362295,10.7836555,24267628663,432.0,12
60,SLAPRP_Guo_small_O200_alpha0.4_v9.txt,false,true,true,false,51.3351813,709724376,0.0037529,1354391,0,0,3722.0,203
60,SLAPRP_Guo_small_O200_alpha0.4_v9.txt,false,true,true,true,51.3351813,709724376,0.0037529,1354391,11.6442105,25429687813,508.0,13
60,SLAPRP_Guo_small_O200_alpha0.4_v9.txt,false,true,false,false,2.9921273,701344374,0.004713,1274375,0,0,5090.0,203
60,SLAPRP_Guo_small_O200_alpha0.4_v9.txt,false,true,false,true,2.9921273,701344374,0.004713,1274375,11.6485549,26263738293,636.0,11
61,SLAPRP_Guo_small_O50_alpha0.2_v1.txt,true,true,false,false,0.2295683,24949786,0.0007917,366727,0,0,778.0,51
61,SLAPRP_Guo_small_O50_alpha0.2_v1.txt,true,true,false,true,0.2295683,24949786,0.0007917,366727,0.1668691,373988279,128.0,6
61,SLAPRP_Guo_small_O50_alpha0.2_v1.txt,false,true,true,false,33.906426,83763731,0.0006702,337799,0,0,798.0,51
61,SLAPRP_Guo_small_O50_alpha0.2_v1.txt,false,true,true,true,33.906426,83763731,0.0006702,337799,0.1842481,415200000,134.0,4
61,SLAPRP_Guo_small_O50_alpha0.2_v1.txt,false,true,false,false,15.2564384,76927640,0.0006829,340695,0,0,836.0,51
61,SLAPRP_Guo_small_O50_alpha0.2_v1.txt,false,true,false,true,15.2564384,76927640,0.0006829,340695,0.1828132,405688119,148.0,3
62,SLAPRP_Guo_small_O50_alpha0.2_v10.txt,true,true,false,false,0.2243692,24849578,0.0009464,447015,0,0,1002.0,54
62,SLAPRP_Guo_small_O50_alpha0.2_v10.txt,true,true,false,true,0.2243692,24849578,0.0009464,447015,0.2010937,446710663,138.0,4
62,SLAPRP_Guo_small_O50_alpha0.2_v10.txt,false,true,true,false,2.8909687,673409796,0.0008767,410471,0,0,986.0,54
62,SLAPRP_Guo_small_O50_alpha0.2_v10.txt,false,true,true,true,2.8909687,673409796,0.0008767,410471,0.212022,476285479,180.0,4
62,SLAPRP_Guo_small_O50_alpha0.2_v10.txt,false,true,false,false,5.4618191,666886107,0.000843,409847,0,0,1476.0,54
62,SLAPRP_Guo_small_O50_alpha0.2_v10.txt,false,true,false,true,5.4618191,666886107,0.000843,409847,0.2315557,499990768,244.0,4
63,SLAPRP_Guo_small_O50_alpha0.2_v2.txt,true,true,false,false,0.2305204,24604986,0.000861,413127,0,0,846.0,52
63,SLAPRP_Guo_small_O50_alpha0.2_v2.txt,true,true,false,true,0.2305204,24604986,0.000861,413127,0.1997982,428392135,148.0,4
63,SLAPRP_Guo_small_O50_alpha0.2_v2.txt,false,true,true,false,3.384987,82826883,0.0008291,388423,0,0,1002.0,52
63,SLAPRP_Guo_small_O50_alpha0.2_v2.txt,false,true,true,true,3.384987,82826883,0.0008291,388423,0.1988498,436404951,194.0,5
63,SLAPRP_Guo_small_O50_alpha0.2_v2.txt,false,true,false,false,15.2173656,76536657,0.0011723,389255,0,0,938.0,52
63,SLAPRP_Guo_small_O50_alpha0.2_v2.txt,false,true,false,true,15.2173656,76536657,0.0011723,389255,0.2105737,441859056,184.0,5
64,SLAPRP_Guo_small_O50_alpha0.2_v3.txt,true,true,false,false,0.2213299,24977978,0.0008857,428439,0,0,798.0,51
64,SLAPRP_Guo_small_O50_alpha0.2_v3.txt,true,true,false,true,0.2213299,24977978,0.0008857,428439,0.1962954,408893072,132.0,5
64,SLAPRP_Guo_small_O50_alpha0.2_v3.txt,false,true,true,false,5.0819691,83343658,0.0008018,387671,0,0,1002.0,51
64,SLAPRP_Guo_small_O50_alpha0.2_v3.txt,false,true,true,true,5.0819691,83343658,0.0008018,387671,0.1853176,405327808,180.0,4
64,SLAPRP_Guo_small_O50_alpha0.2_v3.txt,false,true,false,false,8.1316209,76163953,0.0011126,419207,0,0,968.0,51
64,SLAPRP_Guo_small_O50_alpha0.2_v3.txt,false,true,false,true,8.1316209,76163953,0.0011126,419207,0.2016782,427728160,190.0,4
65,SLAPRP_Guo_small_O50_alpha0.2_v4.txt,true,true,false,false,0.2413483,24923425,0.000824,389927,0,0,818.0,55
65,SLAPRP_Guo_small_O50_alpha0.2_v4.txt,true,true,false,true,0.2413483,24923425,0.000824,389927,0.2223009,458792640,128.0,4
65,SLAPRP_Guo_small_O50_alpha0.2_v4.txt,false,true,true,false,4.5954708,83174419,0.0007192,377239,0,0,860.0,55
65,SLAPRP_Guo_small_O50_alpha0.2_v4.txt,false,true,true,true,4.5954708,83174419,0.0007192,377239,0.2454557,469095024,156.0,5
65,SLAPRP_Guo_small_O50_alpha0.2_v4.txt,false,true,false,false,5.5069439,76395745,0.0007376,373943,0,0,902.0,55
65,SLAPRP_Guo_small_O50_alpha0.2_v4.txt,false,true,false,true,5.5069439,76395745,0.0007376,373943,0.2306006,490323776,152.0,5
66,SLAPRP_Guo_small_O50_alpha0.2_v5.txt,true,true,false,false,0.2237621,24750698,0.0009049,412135,0,0,796.0,53
66,SLAPRP_Guo_small_O50_alpha0.2_v5.txt,true,true,false,true,0.2237621,24750698,0.0009049,412135,0.2058082,448472071,136.0,6
66,SLAPRP_Guo_small_O50_alpha0.2_v5.txt,false,true,true,false,15.1277583,630161379,0.0012096,384327,0,0,956.0,53
66,SLAPRP_Guo_small_O50_alpha0.2_v5.txt,false,true,true,true,15.1277583,630161379,0.0012096,384327,0.2131165,468061360,162.0,4
66,SLAPRP_Guo_small_O50_alpha0.2_v5.txt,false,true,false,false,4.1786191,623868113,0.000685,377127,0,0,878.0,53
66,SLAPRP_Guo_small_O50_alpha0.2_v5.txt,false,true,false,true,4.1786191,623868113,0.000685,377127,0.1956677,438580656,186.0,4
67,SLAPRP_Guo_small_O50_alpha0.2_v6.txt,true,true,false,false,0.231514,24913498,0.0012668,421783,0,0,1024.0,54
67,SLAPRP_Guo_small_O50_alpha0.2_v6.txt,true,true,false,true,0.231514,24913498,0.0012668,421783,0.2221183,501875671,154.0,4
67,SLAPRP_Guo_small_O50_alpha0.2_v6.txt,false,true,true,false,80.5591377,674821725,0.0008401,406711,0,0,1022.0,54
67,SLAPRP_Guo_small_O50_alpha0.2_v6.txt,false,true,true,true,80.5591377,674821725,0.0008401,406711,0.2559195,514494240,206.0,4
67,SLAPRP_Guo_small_O50_alpha0.2_v6.txt,false,true,false,false,7.046695,666568882,0.0008408,379991,0,0,1524.0,54
67,SLAPRP_Guo_small_O50_alpha0.2_v6.txt,false,true,false,true,7.046695,666568882,0.0008408,379991,0.2406413,493962007,266.0,4
68,SLAPRP_Guo_small_O50_alpha0.2_v7.txt,true,true,false,false,0.22632,25058634,0.0007975,399639,0,0,826.0,54
68,SLAPRP_Guo_small_O50_alpha0.2_v7.txt,true,true,false,true,0.22632,25058634,0.0007975,399639,0.1939029,422846768,144.0,6
68,SLAPRP_Guo_small_O50_alpha0.2_v7.txt,false,true,true,false,5.4512733,83198307,0.0007665,386487,0,0,836.0,54
68,SLAPRP_Guo_small_O50_alpha0.2_v7.txt,false,true,true,true,5.4512733,83198307,0.0007665,386487,0.1746884,397777040,166.0,6
68,SLAPRP_Guo_small_O50_alpha0.2_v7.txt,false,true,false,false,4.4092571,76537153,0.0011667,375239,0,0,926.0,54
68,SLAPRP_Guo_small_O50_alpha0.2_v7.txt,false,true,false,true,4.4092571,76537153,0.0011667,375239,0.2136812,470533712,172.0,3
69,SLAPRP_Guo_small_O50_alpha0.2_v8.txt,true,true,false,false,0.233179,24901850,0.0007945,408199,0,0,732.0,51
69,SLAPRP_Guo_small_O50_alpha0.2_v8.txt,true,true,false,true,0.233179,24901850,0.0007945,408199,0.1589974,367207008,114.0,4
69,SLAPRP_Guo_small_O50_alpha0.2_v8.txt,false,true,true,false,2.6552603,82991155,0.0006983,366167,0,0,806.0,51
69,SLAPRP_Guo_small_O50_alpha0.2_v8.txt,false,true,true,true,2.6552603,82991155,0.0006983,366167,0.5024117,371842535,182.0,4
69,SLAPRP_Guo_small_O50_alpha0.2_v8.txt,false,true,false,false,39.2791117,77660817,0.0007795,373383,0,0,852.0,51
69,SLAPRP_Guo_small_O50_alpha0.2_v8.txt,false,true,false,true,39.2791117,77660817,0.0007795,373383,0.1732208,380667847,138.0,4
70,SLAPRP_Guo_small_O50_alpha0.2_v9.txt,true,true,false,false,0.217184,24799962,0.0010676,423735,0,0,946.0,53
70,SLAPRP_Guo_small_O50_alpha0.2_v9.txt,true,true,false,true,0.217184,24799962,0.0010676,423735,0.2063252,441761728,164.0,5
70,SLAPRP_Guo_small_O50_alpha0.2_v9.txt,false,true,true,false,10.7490535,618118195,0.0011283,373095,0,0,842.0,53
70,SLAPRP_Guo_small_O50_alpha0.2_v9.txt,false,true,true,true,10.7490535,618118195,0.0011283,373095,0.1905996,419900071,170.0,4
70,SLAPRP_Guo_small_O50_alpha0.2_v9.txt,false,true,false,false,8.1841766,611654289,0.0007375,379367,0,0,992.0,53
70,SLAPRP_Guo_small_O50_alpha0.2_v9.txt,false,true,false,true,8.1841766,611654289,0.0007375,379367,0.2202641,428166480,200.0,5
71,SLAPRP_Guo_small_O50_alpha0.3_v1.txt,true,true,false,false,0.2226372,24953786,0.0007664,387831,0,0,804.0,56
71,SLAPRP_Guo_small_O50_alpha0.3_v1.txt,true,true,false,true,0.2226372,24953786,0.0007664,387831,0.2225112,485677191,150.0,7
71,SLAPRP_Guo_small_O50_alpha0.3_v1.txt,false,true,true,false,10.7858745,82973898,0.0007086,364551,0,0,856.0,56
71,SLAPRP_Guo_small_O50_alpha0.3_v1.txt,false,true,true,true,10.7858745,82973898,0.0007086,364551,0.2281376,493459575,156.0,3
71,SLAPRP_Guo_small_O50_alpha0.3_v1.txt,false,true,false,false,59.7606193,77255425,0.0007563,379127,0,0,908.0,56
71,SLAPRP_Guo_small_O50_alpha0.3_v1.txt,false,true,false,true,59.7606193,77255425,0.0007563,379127,0.2331657,529869344,152.0,4
72,SLAPRP_Guo_small_O50_alpha0.3_v10.txt,true,true,false,false,0.2208261,24901706,0.0008409,401303,0,0,882.0,50
72,SLAPRP_Guo_small_O50_alpha0.3_v10.txt,true,true,false,true,0.2208261,24901706,0.0008409,401303,0.1785707,374335408,144.0,5
72,SLAPRP_Guo_small_O50_alpha0.3_v10.txt,false,true,true,false,4.3427179,685885979,0.0007353,366919,0,0,918.0,50
72,SLAPRP_Guo_small_O50_alpha0.3_v10.txt,false,true,true,true,4.3427179,685885979,0.0007353,366919,0.1795267,394261472,162.0,3
72,SLAPRP_Guo_small_O50_alpha0.3_v10.txt,false,true,false,false,2.3172288,678702809,0.0011469,376967,0,0,1344.0,50
72,SLAPRP_Guo_small_O50_alpha0.3_v10.txt,false,true,false,true,2.3172288,678702809,0.0011469,376967,0.1859293,390208807,206.0,3
73,SLAPRP_Guo_small_O50_alpha0.3_v2.txt,true,true,false,false,0.2298692,25024938,0.0007281,371447,0,0,768.0,51
73,SLAPRP_Guo_small_O50_alpha0.3_v2.txt,true,true,false,true,0.2298692,25024938,0.0007281,371447,0.1722851,400885943,134.0,3
73,SLAPRP_Guo_small_O50_alpha0.3_v2.txt,false,true,true,false,3.8190298,83017651,0.000698,350343,0,0,772.0,51
73,SLAPRP_Guo_small_O50_alpha0.3_v2.txt,false,true,true,true,3.8190298,83017651,0.000698,350343,0.4648112,350841527,144.0,4
73,SLAPRP_Guo_small_O50_alpha0.3_v2.txt,false,true,false,false,2.4505625,76209345,0.0008129,351383,0,0,934.0,51
73,SLAPRP_Guo_small_O50_alpha0.3_v2.txt,false,true,false,true,2.4505625,76209345,0.0008129,351383,0.2498653,403487024,186.0,3
74,SLAPRP_Guo_small_O50_alpha0.3_v3.txt,true,true,false,false,0.2162208,24998298,0.0013397,451479,0,0,858.0,54
74,SLAPRP_Guo_small_O50_alpha0.3_v3.txt,true,true,false,true,0.2162208,24998298,0.0013397,451479,0.2002701,477696928,152.0,4
74,SLAPRP_Guo_small_O50_alpha0.3_v3.txt,false,true,true,false,6.6098448,83229971,0.0008802,428775,0,0,990.0,54
74,SLAPRP_Guo_small_O50_alpha0.3_v3.txt,false,true,true,true,6.6098448,83229971,0.0008802,428775,0.2405521,526459984,166.0,4
74,SLAPRP_Guo_small_O50_alpha0.3_v3.txt,false,true,false,false,5.5175785,76181105,0.000871,432007,0,0,1008.0,54
74,SLAPRP_Guo_small_O50_alpha0.3_v3.txt,false,true,false,true,5.5175785,76181105,0.000871,432007,0.2475924,487953056,184.0,5
75,SLAPRP_Guo_small_O50_alpha0.3_v4.txt,true,true,false,false,0.2243838,24754010,0.0008865,422055,0,0,930.0,55
75,SLAPRP_Guo_small_O50_alpha0.3_v4.txt,true,true,false,true,0.2243838,24754010,0.0008865,422055,0.2515397,504109696,170.0,4
75,SLAPRP_Guo_small_O50_alpha0.3_v4.txt,false,true,true,false,16.5173369,637349667,0.001076,408887,0,0,972.0,55
75,SLAPRP_Guo_small_O50_alpha0.3_v4.txt,false,true,true,true,16.5173369,637349667,0.001076,408887,0.2343847,502790256,190.0,5
75,SLAPRP_Guo_small_O50_alpha0.3_v4.txt,false,true,false,false,95.1491894,632142817,0.0013918,389719,0,0,1526.0,55
75,SLAPRP_Guo_small_O50_alpha0.3_v4.txt,false,true,false,true,95.1491894,632142817,0.0013918,389719,0.2774256,514449735,256.0,4
76,SLAPRP_Guo_small_O50_alpha0.3_v5.txt,true,true,false,false,0.2430541,25193082,0.0007148,337703,0,0,776.0,50
76,SLAPRP_Guo_small_O50_alpha0.3_v5.txt,true,true,false,true,0.2430541,25193082,0.0007148,337703,0.1797602,363370775,138.0,5
76,SLAPRP_Guo_small_O50_alpha0.3_v5.txt,false,true,true,false,58.1345913,656250458,0.0006448,334407,0,0,794.0,50
76,SLAPRP_Guo_small_O50_alpha0.3_v5.txt,false,true,true,true,58.1345913,656250458,0.0006448,334407,0.163849,367726439,148.0,3
76,SLAPRP_Guo_small_O50_alpha0.3_v5.txt,false,true,false,false,19.1459493,648376904,0.000677,337623,0,0,844.0,50
76,SLAPRP_Guo_small_O50_alpha0.3_v5.txt,false,true,false,true,19.1459493,648376904,0.000677,337623,0.182404,390149351,170.0,3
77,SLAPRP_Guo_small_O50_alpha0.3_v6.txt,true,true,false,false,0.2370936,24938746,0.0008978,422455,0,0,856.0,56
77,SLAPRP_Guo_small_O50_alpha0.3_v6.txt,true,true,false,true,0.2370936,24938746,0.0008978,422455,0.2444355,530994224,154.0,4
77,SLAPRP_Guo_small_O50_alpha0.3_v6.txt,false,true,true,false,11.30925,83225699,0.000819,389799,0,0,1036.0,56
77,SLAPRP_Guo_small_O50_alpha0.3_v6.txt,false,true,true,true,11.30925,83225699,0.000819,389799,0.238201,523539248,186.0,4
77,SLAPRP_Guo_small_O50_alpha0.3_v6.txt,false,true,false,false,2.9247687,76264897,0.0008938,429687,0,0,1074.0,56
77,SLAPRP_Guo_small_O50_alpha0.3_v6.txt,false,true,false,true,2.9247687,76264897,0.0008938,429687,0.2709651,556181943,200.0,4
78,SLAPRP_Guo_small_O50_alpha0.3_v7.txt,true,true,false,false,0.2339301,24723018,0.0008953,411127,0,0,888.0,54
78,SLAPRP_Guo_small_O50_alpha0.3_v7.txt,true,true,false,true,0.2339301,24723018,0.0008953,411127,0.2171551,449937287,166.0,5
78,SLAPRP_Guo_small_O50_alpha0.3_v7.txt,false,true,true,false,5.2499341,83088794,0.0008189,382231,0,0,940.0,54
78,SLAPRP_Guo_small_O50_alpha0.3_v7.txt,false,true,true,true,5.2499341,83088794,0.0008189,382231,0.5888895,431395552,168.0,6
78,SLAPRP_Guo_small_O50_alpha0.3_v7.txt,false,true,false,false,3.8229502,76307985,0.0008719,385687,0,0,972.0,54
78,SLAPRP_Guo_small_O50_alpha0.3_v7.txt,false,true,false,true,3.8229502,76307985,0.0008719,385687,0.2304969,474048640,210.0,5
79,SLAPRP_Guo_small_O50_alpha0.3_v8.txt,true,true,false,false,0.2428408,24679034,0.0009486,424743,0,0,916.0,58
79,SLAPRP_Guo_small_O50_alpha0.3_v8.txt,true,true,false,true,0.2428408,24679034,0.0009486,424743,0.2840916,568953328,132.0,6
79,SLAPRP_Guo_small_O50_alpha0.3_v8.txt,false,true,true,false,3.9550302,82873251,0.0008169,389975,0,0,1002.0,58
79,SLAPRP_Guo_small_O50_alpha0.3_v8.txt,false,true,true,true,3.9550302,82873251,0.0008169,389975,0.275901,577477184,188.0,4
79,SLAPRP_Guo_small_O50_alpha0.3_v8.txt,false,true,false,false,8.4969602,76543768,0.0008763,395223,0,0,952.0,58
79,SLAPRP_Guo_small_O50_alpha0.3_v8.txt,false,true,false,true,8.4969602,76543768,0.0008763,395223,0.2868173,578808151,188.0,5
80,SLAPRP_Guo_small_O50_alpha0.3_v9.txt,true,true,false,false,0.2369922,24844817,0.0009534,440791,0,0,1002.0,56
80,SLAPRP_Guo_small_O50_alpha0.3_v9.txt,true,true,false,true,0.2369922,24844817,0.0009534,440791,0.2540574,515929472,162.0,4
80,SLAPRP_Guo_small_O50_alpha0.3_v9.txt,false,true,true,false,192.9746333,702342697,0.0015059,435271,0,0,1058.0,56
80,SLAPRP_Guo_small_O50_alpha0.3_v9.txt,false,true,true,true,192.9746333,702342697,0.0015059,435271,0.2892703,588372423,182.0,4
80,SLAPRP_Guo_small_O50_alpha0.3_v9.txt,false,true,false,false,3.7248953,691136615,0.0009274,415399,0,0,1478.0,56
80,SLAPRP_Guo_small_O50_alpha0.3_v9.txt,false,true,false,true,3.7248953,691136615,0.0009274,415399,0.2870272,580179063,266.0,4
81,SLAPRP_Guo_small_O50_alpha0.4_v1.txt,true,true,false,false,0.2464651,25012954,0.0008173,387879,0,0,892.0,55
81,SLAPRP_Guo_small_O50_alpha0.4_v1.txt,true,true,false,true,0.2464651,25012954,0.0008173,387879,0.232645,496524887,120.0,5
81,SLAPRP_Guo_small_O50_alpha0.4_v1.txt,false,true,true,false,69.1008335,84491747,0.000702,360279,0,0,870.0,55
81,SLAPRP_Guo_small_O50_alpha0.4_v1.txt,false,true,true,true,69.1008335,84491747,0.000702,360279,0.2018951,462334679,156.0,3
81,SLAPRP_Guo_small_O50_alpha0.4_v1.txt,false,true,false,false,5.8886254,76211905,0.0007597,367191,0,0,968.0,55
81,SLAPRP_Guo_small_O50_alpha0.4_v1.txt,false,true,false,true,5.8886254,76211905,0.0007597,367191,0.2345432,506098599,192.0,3
82,SLAPRP_Guo_small_O50_alpha0.4_v10.txt,true,true,false,false,0.2180487,25057914,0.0013097,394263,0,0,898.0,52
82,SLAPRP_Guo_small_O50_alpha0.4_v10.txt,true,true,false,true,0.2180487,25057914,0.0013097,394263,0.1986555,440963712,142.0,5
82,SLAPRP_Guo_small_O50_alpha0.4_v10.txt,false,true,true,false,29.8623502,83895763,0.001322,391287,0,0,1040.0,52
82,SLAPRP_Guo_small_O50_alpha0.4_v10.txt,false,true,true,true,29.8623502,83895763,0.001322,391287,0.2032419,452831328,180.0,3
82,SLAPRP_Guo_small_O50_alpha0.4_v10.txt,false,true,false,false,24.7635139,77356321,0.0008383,391351,0,0,972.0,52
82,SLAPRP_Guo_small_O50_alpha0.4_v10.txt,false,true,false,true,24.7635139,77356321,0.0008383,391351,0.5576661,474249264,204.0,4
83,SLAPRP_Guo_small_O50_alpha0.4_v2.txt,true,true,false,false,0.2366089,25022401,0.0008714,424327,0,0,832.0,54
83,SLAPRP_Guo_small_O50_alpha0.4_v2.txt,true,true,false,true,0.2366089,25022401,0.0008714,424327,0.2348937,484970343,138.0,5
83,SLAPRP_Guo_small_O50_alpha0.4_v2.txt,false,true,true,false,3.7464292,83367763,0.0008024,411879,0,0,900.0,54
83,SLAPRP_Guo_small_O50_alpha0.4_v2.txt,false,true,true,true,3.7464292,83367763,0.0008024,411879,0.2079875,442866711,152.0,4
83,SLAPRP_Guo_small_O50_alpha0.4_v2.txt,false,true,false,false,39.5768833,77916177,0.0017941,422151,0,0,908.0,54
83,SLAPRP_Guo_small_O50_alpha0.4_v2.txt,false,true,false,true,39.5768833,77916177,0.0017941,422151,0.2076233,472597879,168.0,4
84,SLAPRP_Guo_small_O50_alpha0.4_v3.txt,true,true,false,false,0.2268251,25104362,0.0007128,364215,0,0,786.0,51
84,SLAPRP_Guo_small_O50_alpha0.4_v3.txt,true,true,false,true,0.2268251,25104362,0.0007128,364215,0.1725031,387613248,108.0,3
84,SLAPRP_Guo_small_O50_alpha0.4_v3.txt,false,true,true,false,7.6204469,650051425,0.0009812,349383,0,0,822.0,51
84,SLAPRP_Guo_small_O50_alpha0.4_v3.txt,false,true,true,true,7.6204469,650051425,0.0009812,349383,0.1620073,355868279,146.0,3
84,SLAPRP_Guo_small_O50_alpha0.4_v3.txt,false,true,false,false,7.8230614,643416607,0.0010771,349591,0,0,1262.0,51
84,SLAPRP_Guo_small_O50_alpha0.4_v3.txt,false,true,false,true,7.8230614,643416607,0.0010771,349591,0.1965597,388224311,196.0,5
85,SLAPRP_Guo_small_O50_alpha0.4_v4.txt,true,true,false,false,0.2419992,25012650,0.0008425,362407,0,0,870.0,54
85,SLAPRP_Guo_small_O50_alpha0.4_v4.txt,true,true,false,true,0.2419992,25012650,0.0008425,362407,0.2292746,471308471,118.0,3
85,SLAPRP_Guo_small_O50_alpha0.4_v4.txt,false,true,true,false,9.8083221,661645647,0.0006624,345127,0,0,838.0,54
85,SLAPRP_Guo_small_O50_alpha0.4_v4.txt,false,true,true,true,9.8083221,661645647,0.0006624,345127,0.219805,487269479,142.0,5
85,SLAPRP_Guo_small_O50_alpha0.4_v4.txt,false,true,false,false,13.3433904,654881668,0.0007231,339975,0,0,1324.0,54
85,SLAPRP_Guo_small_O50_alpha0.4_v4.txt,false,true,false,true,13.3433904,654881668,0.0007231,339975,0.2247836,475102976,194.0,4
86,SLAPRP_Guo_small_O50_alpha0.4_v5.txt,true,true,false,false,0.2266164,24957786,0.001303,392007,0,0,768.0,52
86,SLAPRP_Guo_small_O50_alpha0.4_v5.txt,true,true,false,true,0.2266164,24957786,0.001303,392007,0.1879117,415792871,136.0,6
86,SLAPRP_Guo_small_O50_alpha0.4_v5.txt,false,true,true,false,4.5805238,83211411,0.0008131,366647,0,0,968.0,52
86,SLAPRP_Guo_small_O50_alpha0.4_v5.txt,false,true,true,true,4.5805238,83211411,0.0008131,366647,0.2054242,454516784,156.0,3
86,SLAPRP_Guo_small_O50_alpha0.4_v5.txt,false,true,false,false,3.5342926,76285793,0.0007945,385335,0,0,930.0,52
86,SLAPRP_Guo_small_O50_alpha0.4_v5.txt,false,true,false,true,3.5342926,76285793,0.0007945,385335,0.2113091,445748487,194.0,3
87,SLAPRP_Guo_small_O50_alpha0.4_v6.txt,true,true,false,false,0.2152407,25043530,0.0008064,373191,0,0,836.0,50
87,SLAPRP_Guo_small_O50_alpha0.4_v6.txt,true,true,false,true,0.2152407,25043530,0.0008064,373191,0.1791082,375869984,146.0,6
87,SLAPRP_Guo_small_O50_alpha0.4_v6.txt,false,true,true,false,21.7934844,83267699,0.0008371,376903,0,0,892.0,50
87,SLAPRP_Guo_small_O50_alpha0.4_v6.txt,false,true,true,true,21.7934844,83267699,0.0008371,376903,0.1645877,383291136,168.0,3
87,SLAPRP_Guo_small_O50_alpha0.4_v6.txt,false,true,false,false,111.1608874,79398833,0.0008526,368967,0,0,950.0,50
87,SLAPRP_Guo_small_O50_alpha0.4_v6.txt,false,true,false,true,111.1608874,79398833,0.0008526,368967,0.5252631,396417239,202.0,5
88,SLAPRP_Guo_small_O50_alpha0.4_v7.txt,true,true,false,false,0.2358698,25134282,0.0008935,436791,0,0,848.0,57
88,SLAPRP_Guo_small_O50_alpha0.4_v7.txt,true,true,false,true,0.2358698,25134282,0.0008935,436791,0.2569341,551746256,136.0,4
88,SLAPRP_Guo_small_O50_alpha0.4_v7.txt,false,true,true,false,4.7824449,83277427,0.001115,399287,0,0,944.0,57
88,SLAPRP_Guo_small_O50_alpha0.4_v7.txt,false,true,true,true,4.7824449,83277427,0.001115,399287,0.2396808,528467056,164.0,4
88,SLAPRP_Guo_small_O50_alpha0.4_v7.txt,false,true,false,false,128.2082449,80397832,0.0008166,396055,0,0,986.0,57
88,SLAPRP_Guo_small_O50_alpha0.4_v7.txt,false,true,false,true,128.2082449,80397832,0.0008166,396055,0.2674773,542695031,180.0,5
89,SLAPRP_Guo_small_O50_alpha0.4_v8.txt,true,true,false,false,0.2372635,24909082,0.0007621,381975,0,0,772.0,54
89,SLAPRP_Guo_small_O50_alpha0.4_v8.txt,true,true,false,true,0.2372635,24909082,0.0007621,381975,0.2199132,457090167,118.0,3
89,SLAPRP_Guo_small_O50_alpha0.4_v8.txt,false,true,true,false,2.8903732,83275427,0.0007184,377255,0,0,850.0,54
89,SLAPRP_Guo_small_O50_alpha0.4_v8.txt,false,true,true,true,2.8903732,83275427,0.0007184,377255,0.2154232,466195703,144.0,3
89,SLAPRP_Guo_small_O50_alpha0.4_v8.txt,false,true,false,false,8.2576646,76266616,0.0009706,361255,0,0,922.0,54
89,SLAPRP_Guo_small_O50_alpha0.4_v8.txt,false,true,false,true,8.2576646,76266616,0.0009706,361255,0.2244433,487558711,172.0,3
90,SLAPRP_Guo_small_O50_alpha0.4_v9.txt,true,true,false,false,0.2294914,25112074,0.0008286,409159,0,0,938.0,55
90,SLAPRP_Guo_small_O50_alpha0.4_v9.txt,true,true,false,true,0.2294914,25112074,0.0008286,409159,0.2441023,508165104,132.0,4
90,SLAPRP_Guo_small_O50_alpha0.4_v9.txt,false,true,true,false,3.0755757,83506227,0.0008009,393159,0,0,972.0,55
90,SLAPRP_Guo_small_O50_alpha0.4_v9.txt,false,true,true,true,3.0755757,83506227,0.0008009,393159,0.2310052,476808624,174.0,5
90,SLAPRP_Guo_small_O50_alpha0.4_v9.txt,false,true,false,false,48.433995,78022673,0.0008031,405671,0,0,982.0,55
90,SLAPRP_Guo_small_O50_alpha0.4_v9.txt,false,true,false,true,48.433995,78022673,0.0008031,405671,0.234004,538893728,170.0,5
